action,file
status,actions/status.js
getLastPaymentByConsumerId,actions/getLastPaymentByConsumerId.js
isConsumersVouchersBlacklist,actions/isConsumersVouchersBlacklist.js
getNextRedeemableVoucher,actions/getNextRedeemableVoucher.js
grantPointsForTransaction,actions/grantPointsForTransaction.js
validateAndApplyDiscount,actions/validateAndApplyDiscount.js
checkoutPayPalMock,actions/mocks/paypal/checkoutPayPalMock.js
doCancelPayPalMock,actions/mocks/paypal/doCancelPayPalMock.js
stcPayPalMock,actions/mocks/paypal/stcPayPalMock.js
stcPaypalOAuthMock,actions/mocks/paypal/stcPaypalOAuthMock.js
payoutPayPalMock,actions/mocks/paypal/payoutPayPalMock.js
checkStatusPayPalMock,actions/mocks/paypal/checkStatusPayPalMock.js
braintreePaymentAuthorizationMock,actions/mocks/paypal/braintreePaymentAuthorizationMock.js
spinAuthenticate,actions/spinAuthenticate.js
spinCheckout,actions/mocks/spin/spinCheckout.js
getTransactionReferenceCode,actions/automation/getTransactionReferenceCode.js
mercadopagoCardAuthorization,actions/mocks/mercadopago/mercadopagoCardAuthorization.js
mercadopagoCancelAuthorization,actions/mocks/mercadopago/mercadopagoCancelAuthorization.js
mercadopagoRetrievePayment,actions/mocks/mercadopago/mercadopagoRetrievePayment.js
mercadopagoRefund,actions/mocks/mercadopago/mercadopagoRefund.js
mercadopagoSearchPayment,actions/mocks/mercadopago/mercadopagoSearchPayment.js
mercadopagoRetrievePayment,actions/mocks/mercadopago/mercadopagoRetrievePayment.js
mercadopagoPayout,actions/mocks/mercadopago/mercadopagoPayout.js
mercadopagoAssociateCustomerCard,actions/mocks/mercadopago/mercadopagoAssociateCustomerCard.js
mercadopagoDeleteCustomerCard,
mercadopagoAuthorizationToken,actions/mocks/mercadopago/mercadopagoAuthorizationToken.js
mercadopagoCreateCustomer,actions/mocks/mercadopago/mercadopagoCreateCustomer.js
mercadopagoAuthToken,actions/mocks/mercadopago/mercadopagoAuthToken.js
mpLinkAccountToggle,actions/mercadopago/mpLinkAccountToggle.js
mpLinkAccountToggle,libs/cache.js
authorizerBenefitWithSucess,actions/mocks/ltm/authorizerBenefitWithSucess.js
retrieveTokenShellCreditsMock,actions/mocks/shellCredits/retrieveTokenShellCreditsMock.js
participantBalanceShellCreditsMock,actions/mocks/shellCredits/participantBalanceShellCreditsMock.js
updateParticipantShellCreditsMock,actions/mocks/shellCredits/updateParticipantShellCreditsMock.js
transactionShellCreditsMock,actions/mocks/shellCredits/transactionShellCreditsMock.js
transactionChargebackShellCreditsMock,actions/mocks/shellCredits/transactionChargebackShellCreditsMock.js